104.28.10.63 | 104.28.11.63 | 2606:4700:30::681c:a3f | 2606:4700:30::681c:b3f;zoomzem.com;https://zoomzem.com/watch?v=T_24Xg7kaUY;Генпрокуратура;27-31-2015/Ид4082-15 ;2015-12-04
104.28.10.63 | 104.28.11.63 | 2606:4700:30::681c:a3f | 2606:4700:30::681c:b3f;zoomzem.com;https://zoomzem.com/watch?v=YH2OTPCL6Sw;Генпрокуратура;27-31-2015/Ид1093-15;2015-04-03
104.28.10.63 | 104.28.11.63 | 2606:4700:30::681c:a3f | 2606:4700:30::681c:b3f;zoomzem.com;https://zoomzem.com/watch?v=Y_H2xruoOsc;Генпрокуратура;27-31-2015/Ид831-15 ;2015-03-12
104.28.10.63 | 104.28.11.63 | 2606:4700:30::681c:a3f | 2606:4700:30::681c:b3f;zoomzem.com;https://zoomzem.com/watch?v=Z3rNWI19zek;Генпрокуратура;27-31-2015/Ид831-15 ;2015-03-12
104.28.10.63 | 104.28.11.63 | 2606:4700:30::681c:a3f | 2606:4700:30::681c:b3f;zoomzem.com;https://zoomzem.com/watch?v=_bRe3WDwsyA;Генпрокуратура;27-31-2015/Ид4082-15 ;2015-12-04
104.28.10.63 | 104.28.11.63 | 2606:4700:30::681c:a3f | 2606:4700:30::681c:b3f;zoomzem.com;https://zoomzem.com/watch?v=ccOM1xf15PE;Генпрокуратура;27-31-2015/Ид4082-15 ;2015-12-04
104.28.10.63 | 104.28.11.63 | 2606:4700:30::681c:a3f | 2606:4700:30::681c:b3f;zoomzem.com;https://zoomzem.com/watch?v=dFGVwjjF7Ek;Генпрокуратура;27-31-2015/Ид831-15 ;2015-03-12
104.28.10.63 | 104.28.11.63 | 2606:4700:30::681c:a3f | 2606:4700:30::681c:b3f;zoomzem.com;https://zoomzem.com/watch?v=fjS7hAYu4aI;Генпрокуратура;27-31-2015/Ид4082-15 ;2015-12-04
104.28.10.63 | 104.28.11.63 | 2606:4700:30::681c:a3f | 2606:4700:30::681c:b3f;zoomzem.com;https://zoomzem.com/watch?v=k5tZLXCY2d8;Генпрокуратура;27-31-2015/Ид1093-15;2015-04-03
104.28.10.63 | 104.28.11.63 | 2606:4700:30::681c:a3f | 2606:4700:30::681c:b3f;zoomzem.com;https://zoomzem.com/watch?v=lxSBXoCiygQ;Генпрокуратура;27-31-2015/Ид831-15 ;2015-03-12
104.28.10.63 | 104.28.11.63 | 2606:4700:30::681c:a3f | 2606:4700:30::681c:b3f;zoomzem.com;https://zoomzem.com/watch?v=o6TNHTXYD5c;Генпрокуратура;27-31-2015/Ид1093-15;2015-04-03
104.28.10.63 | 104.28.11.63 | 2606:4700:30::681c:a3f | 2606:4700:30::681c:b3f;zoomzem.com;https://zoomzem.com/watch?v=oR4C7QXn800;Генпрокуратура;27-31-2015/Ид1093-15;2015-04-03
104.28.10.63 | 104.28.11.63 | 2606:4700:30::681c:a3f | 2606:4700:30::681c:b3f;zoomzem.com;https://zoomzem.com/watch?v=omlF6berYLk;Генпрокуратура;27-31-2015/Ид831-15 ;2015-03-12
104.28.10.63 | 104.28.11.63 | 2606:4700:30::681c:a3f | 2606:4700:30::681c:b3f;zoomzem.com;https://zoomzem.com/watch?v=p0fuG3QrP7k;Генпрокуратура;27-31-2015/Ид1093-15;2015-04-03
104.28.10.63 | 104.28.11.63 | 2606:4700:30::681c:a3f | 2606:4700:30::681c:b3f;zoomzem.com;https://zoomzem.com/watch?v=qEIc5amPCmM;Генпрокуратура;27-31-2015/Ид831-15 ;2015-03-12
104.28.10.63 | 104.28.11.63 | 2606:4700:30::681c:a3f | 2606:4700:30::681c:b3f;zoomzem.com;https://zoomzem.com/watch?v=qf_wFlN4NjY;Генпрокуратура;27-31-2015/Ид831-15 ;2015-03-12
104.28.10.63 | 104.28.11.63 | 2606:4700:30::681c:a3f | 2606:4700:30::681c:b3f;zoomzem.com;https://zoomzem.com/watch?v=tIkV5YcUNqo;Генпрокуратура;27-31-2015/Ид1093-15;2015-04-03
104.28.10.63 | 104.28.11.63 | 2606:4700:30::681c:a3f | 2606:4700:30::681c:b3f;zoomzem.com;https://zoomzem.com/watch?v=tpYDTwHPljA;Генпрокуратура;27-31-2015/Ид831-15 ;2015-03-12
104.28.10.63 | 104.28.11.63 | 2606:4700:30::681c:a3f | 2606:4700:30::681c:b3f;zoomzem.com;https://zoomzem.com/watch?v=u6n9yzHqxKo;Генпрокуратура;27-31-2015/Ид1093-15;2015-04-03
104.28.10.63 | 104.28.11.63 | 2606:4700:30::681c:a3f | 2606:4700:30::681c:b3f;zoomzem.com;https://zoomzem.com/watch?v=uck20rMHlaw;Генпрокуратура;27-31-2015/Ид1093-15;2015-04-03
104.28.10.63 | 104.28.11.63 | 2606:4700:30::681c:a3f | 2606:4700:30::681c:b3f;zoomzem.com;https://zoomzem.com/watch?v=xHSV1t0hUxs;Генпрокуратура;27-31-2015/Ид4082-15 ;2015-12-04
104.28.10.63 | 104.28.11.63 | 2606:4700:30::681c:a3f | 2606:4700:30::681c:b3f;zoomzem.com;https://zoomzem.com/watch?v=y1PHkckAYl0;Генпрокуратура;27-31-2015/Ид4082-15 ;2015-12-04
104.27.166.57 | 104.27.167.57 | 104.27.182.35 | 104.27.183.35 | 104.28.14.4 | 104.28.15.4 | 2606:4700:3030::681b:b623 | 2606:4700:3031::681b:b723 | 2606:4700:3036::681c:e04 | 2606:4700:3037::681c:f04 | 2606:4700:30::681b:a639 | 2606:4700:30::681b:a739;zoop.su;https://zoop.su/?string=%D0%A1%D1%82%D0%B0%D1%8F+%D0%A0%D1%83%D1%81%D1%81%D0%BA%D0%B8%D0%B9+%D0%A3%D0%B4%D0%B0%D1%80;суд;2-9532/2017;2017-11-13
104.27.166.57 | 104.27.167.57 | 104.27.182.35 | 104.27.183.35 | 104.28.14.4 | 104.28.15.4 | 2606:4700:3030::681b:b623 | 2606:4700:3031::681b:b723 | 2606:4700:3036::681c:e04 | 2606:4700:3037::681c:f04 | 2606:4700:30::681b:a639 | 2606:4700:30::681b:a739;zoop.su;https://zoop.su/?string=%D0%A5%D1%83%D0%BA+%D0%A1%D0%BF%D1%80%D0%B0%D0%B2%D0%B0+%D0%A0%D1%83%D1%81%D1%81%D0%BA%D0%B0%D1%8F+%D0%9A%D1%80%D0%B0%D1%81%D0%BE%D1%82%D0%B0;суд;2-9532/2017;2017-11-13
104.27.166.57 | 104.27.167.57 | 104.27.182.35 | 104.27.183.35 | 104.28.14.4 | 104.28.15.4 | 2606:4700:3030::681b:b623 | 2606:4700:3031::681b:b723 | 2606:4700:3036::681c:e04 | 2606:4700:3037::681c:f04 | 2606:4700:30::681b:a639 | 2606:4700:30::681b:a739;zoop.su;https://zoop.su/?string=25-17+Линия+фронта+п.у.+МСК;суд;2-5207/16;2016-05-24
104.27.166.57 | 104.27.167.57 | 104.27.182.35 | 104.27.183.35 | 104.28.14.4 | 104.28.15.4 | 2606:4700:3030::681b:b623 | 2606:4700:3031::681b:b723 | 2606:4700:3036::681c:e04 | 2606:4700:3037::681c:f04 | 2606:4700:30::681b:a639 | 2606:4700:30::681b:a739;zoop.su;https://zoop.su/?string=Герои+РОА;суд;2-943/12;2012-02-16
104.27.166.57 | 104.27.167.57 | 104.27.182.35 | 104.27.183.35 | 104.28.14.4 | 104.28.15.4 | 2606:4700:3030::681b:b623 | 2606:4700:3031::681b:b723 | 2606:4700:3036::681c:e04 | 2606:4700:3037::681c:f04 | 2606:4700:30::681b:a639 | 2606:4700:30::681b:a739;zoop.su;https://zoop.su/?string=Миненок+Моя+девушка+жидомасон;суд;2-5207/16;2016-05-24
104.27.166.57 | 104.27.167.57 | 104.27.182.35 | 104.27.183.35 | 104.28.14.4 | 104.28.15.4 | 2606:4700:3030::681b:b623 | 2606:4700:3031::681b:b723 | 2606:4700:3036::681c:e04 | 2606:4700:3037::681c:f04 | 2606:4700:30::681b:a639 | 2606:4700:30::681b:a739;zoop.su;https://zoop.su/?string=Хук+Справа+Мы+-+Русский+Образ!;суд;2-9532/2017;2017-11-13
104.26.14.84 | 104.26.15.84 | 2606:4700:20::681a:e54 | 2606:4700:20::681a:f54;zooqle.com;https://zooqle.com/%D0%B2%D0%B8%D0%BA%D0%B8%D0%BD%D0%B3-2016-web-dlrip-avc-%D0%BE%D1%82-new-team-%D1%80%D0%B0%D1%81%D1%88%D0%B8%D1%80%D0%B5%D0%BD%D0%BD%D0%B0%D1%8F-%D0%B2%D0%B5%D1%80%D1%81%D0%B8%D1%8F-itunes-vn9i1.html;Мосгорсуд;определение о предварительном обеспечении по заявлению № 2и-0866/2016;2016-11-28
104.26.14.84 | 104.26.15.84 | 2606:4700:20::681a:e54 | 2606:4700:20::681a:f54;zooqle.com;https://zooqle.com/%D0%BC%D0%BE%D0%BB%D0%BE%D0%B4%D0%B5%D0%B6%D0%BA%D0%B0-%D0%B2%D0%B7%D1%80%D0%BE%D1%81%D0%BB%D0%B0%D1%8F-%D0%B6%D0%B8%D0%B7%D0%BD%D1%8C-05%D1%8501-%D0%B8%D0%B7-44-2017-web-dl-720p-%D0%BE%D1%82-files-x-wdpkp.html | https://zooqle.com/%D0%BC%D0%BE%D0%BB%D0%BE%D0%B4%D0%B5%D0%B6%D0%BA%D0%B0-%D0%B2%D0%B7%D1%80%D0%BE%D1%81%D0%BB%D0%B0%D1%8F-%D0%B6%D0%B8%D0%B7%D0%BD%D1%8C-05%D1%8501-%D0%B8%D0%B7-44-2017-web-dlrip-%D0%BE%D1%82-files-x-wdpjq.html;Мосгорсуд;определение о предварительном обеспечении по заявлению № 2и-0668/2016;2016-10-10
194.247.12.29;zoorinok.com.ua;https://zoorinok.com.ua/obyavlenie/prodam-sokola-balobana-samka-Y41EHS1TrnnE/;суд;2-1677/2017;2017-06-27
194.247.12.29;zoorinok.com.ua;https://zoorinok.com.ua/obyavlenie/utka-karolinka-i-mandarinka-kupit-v-ukraine-dFY6y6zfGhit/;суд;2-1232/2017;2017-09-21
194.247.12.29;zoorinok.com.ua;https://zoorinok.com.ua/ptitsy/utki/;суд;2-263/2018;2018-03-01
104.28.6.237 | 104.28.7.237 | 2606:4700:3030::681c:7ed | 2606:4700:3037::681c:6ed | 2606:4700:30::681c:6ed | 2606:4700:30::681c:7ed;zoozel.ru;https://zoozel.ru/gallery/images/575656_pravoslavie-ili-smert-oboi.jpg;суд;2-4039;2010-12-21
83.69.136.63;zor.uz;https://zor.uz/offer/19257524;суд;2а-4202/2019;2019-07-02
83.69.136.63;zor.uz;https://zor.uz/offer/19507642;суд;2а-4202/2019;2019-07-02
104.27.162.167 | 104.27.163.167;zp-news.zp.ua;https://zp-news.zp.ua/delo-kenesa-rakisheva-korrupcionnyj-princ-iz-kazaxstana/;суд;б/н;2018-05-22
104.17.102.60 | 104.17.187.12 | 104.17.188.12 | 104.17.189.12 | 104.17.190.12 | 104.17.191.12 | 104.18.224.3;zplay4win.com;https://zplay4win.com/?s=46;суд;2-927/2013;2013-12-10
31.210.170.21;zporno.video;https://zporno.video/gei/;суд;2а-125/2018;2018-06-26
88.150.142.119;zpornoflv.tv;https://zpornoflv.tv/;суд;2а-5239/2019;2019-08-07
88.150.142.119;zpornoflv.tv;https://zpornoflv.tv/gei-video/index.html;суд;2а-5258/2019;2019-08-30
88.150.142.119;zpornoflv.tv;https://zpornoflv.tv/zhestkoe/index.html;суд;2а-2849/2019;2019-09-24
104.24.122.189 | 104.24.123.189 | 2606:4700:3034::6818:7bbd | 2606:4700:3037::6818:7abd;zppmsk.com;https://zppmsk.com/gde-mozhno-kupit-licenziju-ohrannika-bez-obuchenija-83847/;суд;2а-2-136/2012;2019-12-16
104.24.122.189 | 104.24.123.189 | 2606:4700:3034::6818:7bbd | 2606:4700:3037::6818:7abd;zppmsk.com;https://zppmsk.com/sdelaem-trudovuju-knizhku-na-strujnom-printere-83847/;суд;2а-778/2020;2020-01-22
104.28.28.18 | 104.28.29.18 | 2606:4700:3033::681c:1c12 | 2606:4700:3034::681c:1d12;zprostitutki-vladivostoka.com;https://zprostitutki-vladivostoka.com/uploads/anket/photos/127210/re1579176912036.jpg;Роскомнадзор;886019-URL-on;2020-01-17
104.31.82.26 | 104.31.83.26 | 2606:4700:30::681f:521a | 2606:4700:30::681f:531a;zs-magazine.ru;https://zs-magazine.ru/motocikl/kak-sdelat-ostrogu-iz-spic-motocikla.html;суд;2а-3087/19;2019-06-28
142.91.9.242 | 172.255.248.152;ztlh63sv0.com;https://ztlh63sv0.com/alt/booi/;ФНС;2-6-27/ 2016-07-25-70-АИ;2016-07-25
185.100.85.150 | 217.197.83.197;zubrrotzdg2m2uy7.onion.to;https://zubrrotzdg2m2uy7.onion.to/;ФСКН;2/1/11-39969;2015-06-24
104.28.12.117 | 104.28.13.117 | 2606:4700:3031::681c:c75 | 2606:4700:3031::681c:d75 | 2606:4700:30::681c:c75 | 2606:4700:30::681c:d75;zupimages.net;https://zupimages.net/up/19/41/9akr.jpg;Роскомнадзор;822855-URL-on;2019-10-28
185.62.188.180;zupload.ws;https://zupload.ws/0477d3d1094870b8;Генпрокуратура;27-31-2015/Ид4082-15 ;2015-12-04
185.62.188.180;zupload.ws;https://zupload.ws/173110abd3d5fab7;Генпрокуратура;27-31-2015/Ид4082-15 ;2015-12-04
185.62.188.180;zupload.ws;https://zupload.ws/5e608da59f7f864a;Генпрокуратура;27-31-2015/Ид4082-15 ;2015-12-04
185.62.188.180;zupload.ws;https://zupload.ws/a69269bcedaae2e8;Генпрокуратура;27-31-2015/Ид4082-15 ;2015-12-04
185.62.188.180;zupload.ws;https://zupload.ws/bcce3bb0700e954f;Генпрокуратура;27-31-2015/Ид4082-15 ;2015-12-04
185.62.188.180;zupload.ws;https://zupload.ws/e32daea6fc622a69;Генпрокуратура;27-31-2015/Ид4082-15 ;2015-12-04
185.62.188.180;zupload.ws;https://zupload.ws/e646a0213cc3cf77;Генпрокуратура;27-31-2015/Ид4082-15 ;2015-12-04
104.24.122.154 | 104.24.123.154 | 2606:4700:30::6818:7a9a | 2606:4700:30::6818:7b9a;zvolfy.tech;https://zvolfy.tech/C.ashx?btag=a_11056b_238c_&affid=3865&siteid=11056&adid=238&c;ФНС;2-6-27/ 2016-06-28-67-АИ;2016-06-29
104.27.164.215 | 104.27.165.215 | 2606:4700:3032::681b:a4d7 | 2606:4700:3034::681b:a5d7 | 2606:4700:30::681b:a4d7 | 2606:4700:30::681b:a5d7;zvooq.icu;https://zvooq.icu/music/%D0%B1%D0%B5%D0%BB%D1%8B%D0%B9+%D1%82%D0%B5%D1%80%D1%80%D0%BE%D1%80%3A+%D0%B6%D0%B5%D0%BB%D0%B5%D0%B7%D0%BD%D0%BE%D0%B3%D0%BE%D1%80%D1%81%D0%BA+2000;суд;2-10828/2012;2012-11-07
104.27.164.215 | 104.27.165.215 | 2606:4700:3032::681b:a4d7 | 2606:4700:3034::681b:a5d7 | 2606:4700:30::681b:a4d7 | 2606:4700:30::681b:a5d7;zvooq.icu;"https://zvooq.icu/music/%D0%B1%D1%83%D1%85%D0%B5%D0%BD%D0%B2%D0%B0%D0%BB%D1%8C%D0%B4+%D1%84%D0%BB%D0%B0%D0%B2%D0%B0+%D1%81%D0%B0%D1%88%D0%B0;";суд;2-7701/2018;2018-09-24
104.27.164.215 | 104.27.165.215 | 2606:4700:3032::681b:a4d7 | 2606:4700:3034::681b:a5d7 | 2606:4700:30::681b:a4d7 | 2606:4700:30::681b:a5d7;zvooq.icu;https://zvooq.icu/music/dj+holocost+feat.+oleg+ss;суд;2А-10794/16;2016-08-12
104.27.164.215 | 104.27.165.215 | 2606:4700:3032::681b:a4d7 | 2606:4700:3034::681b:a5d7 | 2606:4700:30::681b:a4d7 | 2606:4700:30::681b:a5d7;zvooq.icu;https://zvooq.icu/music/Див+террор;суд;2-2636/2016;2016-03-02
104.27.164.215 | 104.27.165.215 | 2606:4700:3032::681b:a4d7 | 2606:4700:3034::681b:a5d7 | 2606:4700:30::681b:a4d7 | 2606:4700:30::681b:a5d7;zvooq.icu;https://zvooq.icu/music/Коловрат+Онлайн;суд;2-2280/10;2010-09-13
104.28.16.85 | 104.28.17.85 | 2606:4700:3037::681c:1055 | 2606:4700:3037::681c:1155 | 2606:4700:30::681c:1055 | 2606:4700:30::681c:1155;zvooq.me;https://zvooq.me/music/%D0%B0%D0%BB%D0%B5%D1%88%D0%B0%20%D0%BB%D0%B0%D0%BA%D0%BE%D1%81%D1%82%20%D0%BF%D1%80%D0%BE%D1%82%D0%B8%D0%B2%20%D1%87%D1%83%D1%80%D0%BE%D0%BA;суд;2-5556/16;2016-11-30
104.28.16.85 | 104.28.17.85 | 2606:4700:3037::681c:1055 | 2606:4700:3037::681c:1155 | 2606:4700:30::681c:1055 | 2606:4700:30::681c:1155;zvooq.me;https://zvooq.me/music/%D0%B1%D1%80%D1%83%D0%BD%D1%81%D0%B2%D0%B8%D0%B3;суд;2-6211/18;2018-11-06
104.28.16.85 | 104.28.17.85 | 2606:4700:3037::681c:1055 | 2606:4700:3037::681c:1155 | 2606:4700:30::681c:1055 | 2606:4700:30::681c:1155;zvooq.me;https://zvooq.me/music/%D0%B1%D1%83%D1%85%D0%B5%D0%BD%D0%B2%D0%B0%D0%BB%D1%8C%D0%B4%20%D1%84%D0%BB%D0%B0%D0%B2%D0%B0%20%D1%8D%D1%82%D0%BE%20%D1%81%D0%B0%D1%88%D0%B0%20%D0%B8%20%D0%B4%D0%B8%D0%BC%D0%B0;суд;2-7701/2018;2018-09-24
104.28.16.85 | 104.28.17.85 | 2606:4700:3037::681c:1055 | 2606:4700:3037::681c:1155 | 2606:4700:30::681c:1055 | 2606:4700:30::681c:1155;zvooq.me;https://zvooq.me/music/%D0%B1%D1%83%D1%85%D0%B5%D0%BD%D0%B2%D0%B0%D0%BB%D1%8C%D0%B4%20%D1%84%D0%BB%D0%B0%D0%B2%D0%B0%20&%20%D1%81%D0%B0%D1%88%D0%B0%20%D1%81%D0%BA%D1%83%D0%BB;суд;2а-3462/2019;2019-07-26
104.28.16.85 | 104.28.17.85 | 2606:4700:3037::681c:1055 | 2606:4700:3037::681c:1155 | 2606:4700:30::681c:1055 | 2606:4700:30::681c:1155;zvooq.me;https://zvooq.me/music/%D0%B1%D1%83%D1%85%D0%B5%D0%BD%D0%B2%D0%B0%D0%BB%D1%8C%D0%B4%D1%81%D0%BA%D0%B8%D0%B9%20%D0%BD%D0%B0%D0%B1%D0%B0%D1%82+++;суд;2а-2817/2018;2018-09-13
104.28.16.85 | 104.28.17.85 | 185.219.223.124 | 2606:4700:3037::681c:1055 | 2606:4700:3037::681c:1155 | 2606:4700:30::681c:1055 | 2606:4700:30::681c:1155;zvooq.me;https://zvooq.me/music/%D0%B2%D0%B0%D1%85%D0%B8%D0%B4%20%D0%B0%D1%8E%D0%B1%D0%BE%D0%B2%20%D1%80%D0%B0%D0%B9%20%D0%BF%D0%BE%D0%B4%20%D1%82%D0%B5%D0%BD%D1%8C%D1%8E%20%D1%81%D0%B0%D0%B1%D0%B5%D0%BB%D1%8C;суд;2-4597/2015;2015-04-24
104.28.16.85 | 104.28.17.85 | 2606:4700:3037::681c:1055 | 2606:4700:3037::681c:1155 | 2606:4700:30::681c:1055 | 2606:4700:30::681c:1155;zvooq.me;https://zvooq.me/music/%D0%B3%D0%B0%D1%80%D0%B8%D0%BA%20%D0%B6%D0%B8%D1%80%D0%BE%D0%B1%D0%B0%D1%81;суд;2а-2896/19;2019-07-25
104.28.16.85 | 104.28.17.85 | 2606:4700:3037::681c:1055 | 2606:4700:3037::681c:1155;zvooq.me;https://zvooq.me/music/%D0%B4%D0%B2%D0%BE%D0%B9%D0%BD%D0%BE%D0%B9%20%D1%84%D1%91%D0%B4%D1%80;суд;2-6292/2016;2016-10-18
104.28.16.85 | 104.28.17.85 | 185.219.223.124 | 2606:4700:3037::681c:1055 | 2606:4700:3037::681c:1155 | 2606:4700:30::681c:1055 | 2606:4700:30::681c:1155;zvooq.me;https://zvooq.me/music/%D0%B6%D0%B5%D0%BB%D0%B5%D0%B7%D0%BD%D1%8B%D0%B9%20%D0%BF%D0%BE%D1%80%D1%8F%D0%B4%D0%BE%D0%BA%20%D1%81%D0%BE%D0%BB%D0%B4%D0%B0%D1%82%20(%D1%81%D0%BB%D0%B0%D0%B2%D1%8F%D0%BD%D1%81%D0%BA%D0%B0%D1%8F%20%D0%BC%D0%B5%D1%81%D1%82%D1%8C);суд;2-1075/12;2012-09-11
104.28.16.85 | 104.28.17.85 | 2606:4700:3037::681c:1055 | 2606:4700:3037::681c:1155 | 2606:4700:30::681c:1055 | 2606:4700:30::681c:1155;zvooq.me;https://zvooq.me/music/%D0%B6%D1%83%D1%82%D0%BA%D0%B0%D1%8F%20%D0%BA%D0%BE%D0%BB%D1%8B%D0%B1%D0%B5%D0%BB%D1%8C%D0%BD%D0%B0%D1%8F;суд;2а-1999/19;2019-04-10
104.28.16.85 | 104.28.17.85 | 2606:4700:3037::681c:1055 | 2606:4700:3037::681c:1155;zvooq.me;https://zvooq.me/music/%D0%BA%D0%BE%D0%BB%D0%BE%D0%B2%D1%80%D0%B0%D1%82%20%D1%81%D0%BB%D0%B0%D0%B2%D1%8F%D0%BD%D1%81%D0%BA%D0%B8%D0%B9%20%D0%B4%D1%83%D1%85;суд;2а-583/2019;2019-12-10
104.28.16.85 | 104.28.17.85 | 2606:4700:3037::681c:1055 | 2606:4700:3037::681c:1155 | 2606:4700:30::681c:1055 | 2606:4700:30::681c:1155;zvooq.me;https://zvooq.me/music/%D0%BA%D0%BE%D1%80%D1%80%D0%BE%D0%B7%D0%B8%D1%8F%20%D0%BC%D0%B5%D1%82%D0%B0%D0%BB%D0%BB%D0%B0%20%D0%B1%D0%B5%D0%B9%20%D1%87%D0%B5%D1%80%D1%82%D0%B5%D0%B9%20%D1%81%D0%BF%D0%B0%D1%81%D0%B0%D0%B9%20%D1%80%D0%BE%D1%81%D1%81%D0%B8%D1%8E%21;суд;2-1804/2013;2013-05-22
104.28.16.85 | 104.28.17.85 | 2606:4700:3037::681c:1055 | 2606:4700:3037::681c:1155;zvooq.me;https://zvooq.me/music/%D0%BF%D1%80%D0%B0%D0%B2%D1%8B%D0%B9%20%D1%80%D1%8D%D0%BF%20-%20%D1%8F%20%D1%80%D1%83%D1%81%D1%81%D0%BA%D0%B8%D0%B9;суд;2-11275/13;2013-12-11
104.28.16.85 | 104.28.17.85 | 2606:4700:3037::681c:1055 | 2606:4700:3037::681c:1155 | 2606:4700:30::681c:1055 | 2606:4700:30::681c:1155;zvooq.me;https://zvooq.me/music/%D1%80%D1%83%D1%81%D1%8C-%D0%B1%D0%B5%D0%BB%D0%B0%D1%8F+%D1%80%D0%B0%D1%81%D0%B0;суд;2а-5218/28-2019;2019-08-22
104.28.16.85 | 104.28.17.85 | 185.219.223.124 | 2606:4700:3037::681c:1055 | 2606:4700:3037::681c:1155 | 2606:4700:30::681c:1055 | 2606:4700:30::681c:1155;zvooq.me;https://zvooq.me/music/%D1%81%D0%BF%D0%BB%D0%B0%D0%B2%D1%8A;суд;2-5764/16;2016-12-22
104.28.16.85 | 104.28.17.85 | 185.219.223.124 | 2606:4700:3037::681c:1055 | 2606:4700:3037::681c:1155 | 2606:4700:30::681c:1055 | 2606:4700:30::681c:1155;zvooq.me;https://zvooq.me/music/%D1%81%D1%83%D0%B4%D1%8C%D0%B1%D0%B0%20%D0%BC%D0%BE%D0%B5%D0%B9%20%D1%80%D0%B0%D1%81%D1%8B%20-%20%D0%B2%D0%B0%D0%BD%D0%B4%D0%B0%D0%BB;суд;2-7701/2018;2018-09-24
104.28.16.85 | 104.28.17.85 | 2606:4700:3037::681c:1055 | 2606:4700:3037::681c:1155 | 2606:4700:30::681c:1055 | 2606:4700:30::681c:1155;zvooq.me;https://zvooq.me/music/%D1%82%D0%B8%D0%BC%D1%83%D1%80%20%D0%BC%D1%83%D1%86%D1%83%D1%80%D0%B0%D0%B5%D0%B2%2012%D1%82%D1%8B%D1%81%D1%8F%D1%87%20%D0%BC%D0%B0%D0%B4%D0%B6%D0%B0%D1%85%D0%B5%D0%B4%D0%BE%D0%B2;суд;2-122/2010;2010-04-14
104.28.16.85 | 104.28.17.85 | 2606:4700:3037::681c:1055 | 2606:4700:3037::681c:1155 | 2606:4700:30::681c:1055 | 2606:4700:30::681c:1155;zvooq.me;https://zvooq.me/music/%D1%82%D0%BE%D0%BD%D1%8C%D0%BA%D0%B0%20%D1%81%D1%81%20-%2018;суд;2а-2514/2019;2019-05-28
104.28.16.85 | 104.28.17.85 | 2606:4700:3037::681c:1055 | 2606:4700:3037::681c:1155 | 2606:4700:30::681c:1055 | 2606:4700:30::681c:1155;zvooq.me;https://zvooq.me/music/%D1%84%D0%B5%D0%B4%D0%BE%D1%80%20%D0%B2%D0%BE%D0%BB%D0%BA%D0%BE%D0%B2%20(%D1%82%D0%B5%D1%80%D1%80%D0%BE%D1%80);суд;2-2844/2016;2016-08-05
104.28.16.85 | 104.28.17.85 | 185.219.223.124 | 2606:4700:3037::681c:1055 | 2606:4700:3037::681c:1155 | 2606:4700:30::681c:1055 | 2606:4700:30::681c:1155;zvooq.me;https://zvooq.me/music/%D1%86%D0%B8%D0%BA%D0%BB%D0%BE%D0%BD-%D0%B1.;суд;2-4180/07;2007-10-01
104.28.16.85 | 104.28.17.85 | 2606:4700:3037::681c:1055 | 2606:4700:3037::681c:1155 | 2606:4700:30::681c:1055 | 2606:4700:30::681c:1155;zvooq.me;https://zvooq.me/music/282;суд;2-2636/2016;2016-03-02
104.28.16.85 | 104.28.17.85 | 185.219.223.124 | 2606:4700:3037::681c:1055 | 2606:4700:3037::681c:1155 | 2606:4700:30::681c:1055 | 2606:4700:30::681c:1155;zvooq.me;https://zvooq.me/music/karaoke%20282;суд;2-2636/2016;2016-03-02
104.28.16.85 | 104.28.17.85 | 185.219.223.124 | 2606:4700:3037::681c:1055 | 2606:4700:3037::681c:1155 | 2606:4700:30::681c:1055 | 2606:4700:30::681c:1155;zvooq.me;https://zvooq.me/music/karaoke%20282;суд;2-2636/2016;2016-03-02
104.28.16.85 | 104.28.17.85 | 185.219.223.124 | 2606:4700:3037::681c:1055 | 2606:4700:3037::681c:1155 | 2606:4700:30::681c:1055 | 2606:4700:30::681c:1155;zvooq.me;https://zvooq.me/music/ne%D0%B1%D1%80%D0%B0%D1%82%20%D1%87%D0%B5%D1%80%D0%BD%D0%B0%D1%8F%20%D1%81%D0%BC%D0%B5%D1%80%D1%82%D1%8C;суд;2-5029/16;2016-11-14
104.28.16.85 | 104.28.17.85 | 2606:4700:3037::681c:1055 | 2606:4700:3037::681c:1155 | 2606:4700:30::681c:1055 | 2606:4700:30::681c:1155;zvooq.me;https://zvooq.me/music/p.s.7%2C62%20улица%20кадырова;суд;2-5174/15;2015-05-18
104.28.16.85 | 104.28.17.85 | 2606:4700:3037::681c:1055 | 2606:4700:3037::681c:1155 | 2606:4700:30::681c:1055 | 2606:4700:30::681c:1155;zvooq.me;https://zvooq.me/music/p.s.7.62%20%D0%B1%D0%B5%D0%BB%D1%8B%D0%B5%20%D0%B2%D0%BE%D0%B9%D0%BD%D1%8B;суд;2-5209/16;2016-05-24
104.28.16.85 | 104.28.17.85 | 185.219.223.124 | 2606:4700:3037::681c:1055 | 2606:4700:3037::681c:1155 | 2606:4700:30::681c:1055 | 2606:4700:30::681c:1155;zvooq.me;https://zvooq.me/music/p.s7.62;суд;2а-1315/2018;2018-05-29
104.28.16.85 | 104.28.17.85 | 2606:4700:3037::681c:1055 | 2606:4700:3037::681c:1155;zvooq.me;https://zvooq.me/music/альтернатива%20безумные%20усилия;суд;б/н;2010-10-18
104.28.16.85 | 104.28.17.85 | 185.219.223.124 | 2606:4700:3037::681c:1055 | 2606:4700:3037::681c:1155 | 2606:4700:30::681c:1055 | 2606:4700:30::681c:1155;zvooq.me;https://zvooq.me/music/аргентина%20россия;суд;2-322/2016;2016-12-19
104.28.16.85 | 104.28.17.85 | 2606:4700:3037::681c:1055 | 2606:4700:3037::681c:1155 | 2606:4700:30::681c:1055 | 2606:4700:30::681c:1155;zvooq.me;https://zvooq.me/music/гарик%20жиробас;суд;2а-2896/19;2019-07-25
104.28.16.85 | 104.28.17.85 | 2606:4700:3037::681c:1055 | 2606:4700:3037::681c:1155 | 2606:4700:30::681c:1055 | 2606:4700:30::681c:1155;zvooq.me;https://zvooq.me/music/коловрат%20хоронят%20скина;суд;2-5174/15;2015-05-18
104.28.16.85 | 104.28.17.85 | 2606:4700:3037::681c:1055 | 2606:4700:3037::681c:1155 | 2606:4700:30::681c:1055 | 2606:4700:30::681c:1155;zvooq.me;https://zvooq.me/music/коррозия%20металла%20хайль%20фюрер;суд;2-5174/15;2015-05-18
104.28.16.85 | 104.28.17.85 | 185.219.223.124 | 2606:4700:3037::681c:1055 | 2606:4700:3037::681c:1155 | 2606:4700:30::681c:1055 | 2606:4700:30::681c:1155;zvooq.me;https://zvooq.me/music/федор%20волков%20(террор);суд;2-2844/2016;2016-08-05
104.28.16.85 | 104.28.17.85 | 2606:4700:3037::681c:1055 | 2606:4700:3037::681c:1155 | 2606:4700:30::681c:1055 | 2606:4700:30::681c:1155;zvooq.me;https://zvooq.me/music/фёдор%20волков%20(террор);суд;2-2844/2016;2016-08-05
104.28.16.85 | 104.28.17.85 | 2606:4700:3037::681c:1055 | 2606:4700:3037::681c:1155;zvooq.me;https://zvooq.me/music/циклон-б%20тост;суд;2-4180/07;2007-10-01
104.18.46.63 | 104.18.47.63 | 2606:4700:3030::6812:2e3f | 2606:4700:3035::6812:2f3f;zvooq.su;https://zvooq.su/mp3/%D0%B3%D1%80.%D0%BE%D0%BC;суд;2-1556/14;2014-04-03
104.18.46.63 | 104.18.47.63 | 2606:4700:30::6812:2e3f | 2606:4700:30::6812:2f3f;zvooq.su;https://zvooq.su/mp3/m8l8th;суд;2а-1819/19;2019-04-10
104.31.90.115 | 104.31.91.115 | 2606:4700:30::681f:5a73 | 2606:4700:30::681f:5b73;zvqv2e9mmst.com;https://zvqv2e9mmst.com/bIWS/0;ФНС;2-6-20/2017-01-24-117-АИ;2017-01-25
104.27.150.101 | 104.27.151.101 | 2606:4700:30::681b:9665 | 2606:4700:30::681b:9765;zvuqs.ru;https://zvuqs.ru/1816-andrej-korzh-arestantskij-uklad-edin.html;суд;2а-2237/2019;2019-03-25
89.107.58.96;zy7zy8ll54r.com;https://zy7zy8ll54r.com/58vz5FMY;ФНС;2-6-27/ 2016-01-29-28-АИ;2016-02-09
172.104.209.129;zya904lur.com;https://zya904lur.com/xH6JQI0E;ФНС;2-6-27/ 2016-01-29-28-АИ;2016-02-09
104.28.28.208 | 104.28.29.208;zyteli.info;https://zyteli.info;суд;2-2878/2017;2017-06-22
104.18.52.222 | 104.18.53.222 | 2606:4700:30::6812:34de | 2606:4700:30::6812:35de;zyteli.rosfirm.info;https://zyteli.rosfirm.info;суд;2-2878/2017;2017-06-22
104.31.80.254 | 104.31.81.254;zytely.info;https://zytely.info;суд;2-2878/2017;2017-06-22
104.18.52.222 | 104.18.53.222 | 2606:4700:30::6812:34de | 2606:4700:30::6812:35de;zytely.rosfirm.info;https://zytely.rosfirm.info;суд;2-2878/2017;2017-06-22
104.24.122.166 | 104.24.123.166 | 2606:4700:3032::6818:7ba6 | 2606:4700:3036::6818:7aa6;zzzz2.live;https://zzzz2.live/34583-pikovaya-dama-zazerkale-39031349.html;Мосгорсуд;определение о предварительном обеспечении по заявлению № 2И-0678/2019;2019-03-11
91.134.120.0;вебкритик.рф;https://вебкритик.рф/news/518-john-lemon;суд;М-32/19;2019-01-17
185.162.11.175 | 185.162.130.156;гей-порно-онлайн.com;https://гей-порно-онлайн.com/gej-porno-kategorii;суд;2а-230/2018;2018-04-28
81.171.3.172;гей-порно.com;https://гей-порно.com/;суд;2-299/2017;2017-09-15
81.171.3.179;гей.org;https://гей.org/;суд;2а-1268/2019;2019-02-25
185.162.130.156;гей.porn;https://гей.porn/;суд;2а-110/2018;2018-08-23
77.222.61.57;гетт.рф;https://гетт.рф/;суд;2-7650/2017;2017-12-20
185.81.129.58;займипросто.рф;https://займипросто.рф;суд;2а-3441/2019;2019-08-06
185.248.100.45;займы-без-отказа.рф;https://займы-без-отказа.рф;суд;2а-4263/2019;2019-08-12
188.165.159.181;зрелочки.com;https://зрелочки.com/porno-video-lesbiyanki-s-bolyshimi-sisyami-zanimayutsya-seksom-3950.html;суд;2а-2341/2019;2019-03-28
104.31.92.246 | 104.31.93.246 | 2606:4700:30::681f:5cf6 | 2606:4700:30::681f:5df6;иксмюзик.рф;https://иксмюзик.рф/песня/ато_я-сегодня-в-поле-чистом-застрелил-сепаратиста-ато;суд;2-130/17;2017-01-13
104.31.92.246 | 104.31.93.246 | 2606:4700:30::681f:5cf6 | 2606:4700:30::681f:5df6;иксмюзик.рф;https://иксмюзик.рф/песня/хор-сс_россия-для-русских;суд;2-373/2015;2015-01-22
104.24.118.136 | 104.24.119.136 | 2606:4700:3033::6818:7788 | 2606:4700:3035::6818:7688 | 2606:4700:3035::6818:7788 | 2606:4700:30::6818:7688;инфос.рф;https://инфос.рф/kak-obmanut-schetchik-sveta/;суд;2а-24/20;2020-01-13
37.1.223.84;кальян.рф;https://кальян.рф/;суд;2а-324/19;2019-04-24
104.28.8.225 | 104.28.9.225 | 2606:4700:3030::681c:9e1 | 2606:4700:3032::681c:8e1 | 2606:4700:30::681c:8e1 | 2606:4700:30::681c:9e1;квант-спб.рф;https://квант-спб.рф/shema/shema-otmotka-schetchika-elektroenergii-transformatorom.html;суд;2а-1806/19;2019-06-07
104.28.8.225 | 104.28.9.225 | 2606:4700:3030::681c:9e1 | 2606:4700:3032::681c:8e1 | 2606:4700:30::681c:8e1 | 2606:4700:30::681c:9e1;квант-спб.рф;https://квант-спб.рф/shema/shema-otmotka-schetchika-elektroenergii-transformatorom.html;суд;2а-2895/19;2019-07-26
104.28.6.8 | 104.28.7.8 | 2606:4700:3030::681c:708 | 2606:4700:3033::681c:608;купить-дубликат.рф;https://купить-дубликат.рф;суд;2а-13932/19;2019-12-27
185.67.2.245;мегаулов.рф;https://мегаулов.рф;суд;2а-6379/2019;2019-08-02
104.27.174.69 | 104.27.175.69 | 2606:4700:30::681b:ae45 | 2606:4700:30::681b:af45;обои-валлпапер.рф;https://обои-валлпапер.рф/2017/02/05/oboi-na-rabochiy-stol-svastika.html;суд;2а-4480/2018;2018-11-29
136.243.17.41 | 46.30.42.14;порно-мам.com;https://порно-мам.com/video/podborka-mujchinyi-okazalis-pod-vliyaniem-zrelyih-jenschin-kotoryie-lyubyat-bdsm.html;суд;2-4024/2017;2017-06-28
136.243.17.41 | 46.30.42.14;порно-мам.com;https://порно-мам.com/video/russkaya_eblya_dembelya_i_mamashi.html;суд;2-4024/2017;2017-06-28
136.243.17.41 | 46.30.42.14;порно-мам.com;https://порно-мам.com/video/syinok-privodit-druzey-chtobyi-ottrahat-mamu-v-gruppovom-intseste.html;суд;2-4024/2017;2017-06-28
185.19.205.243;промснасть.рф;https://промснасть.рф;суд;2а-2784/2019;2019-03-29
87.242.79.61;пропискин.рф;https://пропискин.рф;суд;2а-1025/2018;2018-05-17
62.233.65.235;ретро-порно.com;https://ретро-порно.com/retro-seks-trah-v-derevne-i-krutoy-razvrat-na-senovale-320.html;суд;2а-1686/2019;2019-06-13
148.251.198.100;ру-порно.com;https://ру-порно.com/vkporno;суд;2-97/2017;2017-07-07
104.27.148.242 | 104.27.149.242 | 93.84.113.214;фавбет.бел;https://фавбет.бел/;ФНС;2-6-27/2016-11-28-69-АИ;2016-11-28
